UserId,AccountId,FullName,EmailDomain,JobRole,UserStatus,IsActiveUser,IsAdmin,CreatedAt,CreatedDate,LastSeenAt,UserTenureDays,DaysSinceLastSeen,RecencyBucket
user_1,account_82,Ingrid Hansen,salesops.eu,sales_rep,active,true,false,2026-06-09 05:17:49,2026-06-09,2027-05-21 23:53:49,32,-314,<7 days
user_10,account_26,Sara Pedersen,acme-eu.com,sales_rep,active,true,true,2028-04-03 21:01:04,2028-04-03,2028-04-04 17:27:04,0,-633,<7 days
user_100,account_47,Julie Lopez,salesops.eu,sales_rep,active,true,false,2028-11-20 15:08:29,2028-11-20,2029-09-22 16:55:29,0,-1169,<7 days
user_101,account_93,Mikkel Thomas,acme-eu.com,sales_rep,active,true,false,2026-08-08 16:49:55,2026-08-08,2027-02-04 03:24:55,0,-208,<7 days
user_102,account_83,Amelia Wilson,acme-eu.com,sales_manager,active,true,false,2029-02-21 15:30:57,2029-02-21,2029-12-30 00:00:00,0,-1268,<7 days
user_103,account_99,Klara Svensson,acme-eu.com,customer_success,active,true,false,2027-04-05 11:55:43,2027-04-05,2027-05-27 05:14:43,0,-320,<7 days
user_104,account_17,Mikkel Jensen,acme-eu.com,sales_rep,active,true,false,2029-04-12 20:36:36,2029-04-12,2029-12-24 00:00:00,0,-1262,<7 days
user_105,account_101,Jonas Olsen,midmarket.io,sales_rep,invited,false,false,2029-05-03 11:26:31,2029-05-03,,0,,
user_106,account_100,Anton Müller,midmarket.io,sales_rep,active,true,false,2026-11-07 05:16:15,2026-11-07,2027-09-12 09:59:15,0,-428,<7 days
user_107,account_67,Ingrid Lind,nordicflow-customer.com,revops,active,true,false,2029-11-07 08:15:42,2029-11-07,2029-12-25 00:00:00,0,-1263,<7 days
user_108,account_48,Ella Jensen,nordicflow-customer.com,sales_rep,active,true,false,2029-12-16 23:42:18,2029-12-16,2029-12-26 00:00:00,0,-1264,<7 days
user_109,account_91,Victor Schmidt,midmarket.io,sales_rep,active,true,false,2027-02-02 13:32:08,2027-02-02,2027-05-23 18:38:08,0,-316,<7 days
user_11,account_8,Ella Garcia,midmarket.io,customer_success,active,true,false,2028-01-25 23:02:15,2028-01-25,2028-03-01 17:12:15,0,-599,<7 days
user_110,account_31,Jakob van Dijk,midmarket.io,sales_rep,active,true,false,2029-11-07 02:19:18,2029-11-07,2029-12-23 00:00:00,0,-1261,<7 days
user_111,account_31,Benjamin Nilsson,acme-eu.com,sales_manager,active,true,false,2027-07-15 04:16:57,2027-07-15,2027-08-18 22:13:57,0,-403,<7 days
user_112,account_50,Julie Eriksen,nordicflow-customer.com,sales_rep,active,true,false,2027-01-10 13:49:33,2027-01-10,2027-12-13 11:15:33,0,-520,<7 days
user_113,account_83,Nora Wilson,example.eu,customer_success,active,true,false,2026-10-11 03:48:58,2026-10-11,2026-12-19 05:57:58,0,-161,<7 days
user_114,account_41,Freja Müller,example.eu,customer_success,active,true,false,2027-01-29 12:13:18,2027-01-29,2027-02-17 10:17:18,0,-221,<7 days
user_115,account_48,Hanna Garcia,example.eu,sales_manager,inactive,false,false,2027-08-24 15:09:42,2027-08-24,2027-10-06 15:09:42,0,-452,<7 days
user_116,account_55,Maja Nilsson,midmarket.io,customer_success,active,true,false,2027-04-02 08:24:21,2027-04-02,2027-09-13 11:54:21,0,-429,<7 days
user_117,account_45,Jonas Johansson,salesops.eu,sales_manager,active,true,false,2028-09-20 09:08:37,2028-09-20,2028-10-19 11:41:37,0,-831,<7 days
user_118,account_109,Mikkel de Vries,example.eu,sales_rep,active,true,false,2029-04-24 09:09:24,2029-04-24,2029-12-26 00:00:00,0,-1264,<7 days
user_119,account_10,Benjamin Larsen,midmarket.io,sales_rep,active,true,false,2027-03-09 22:18:27,2027-03-09,2027-07-15 02:10:27,0,-369,<7 days
user_12,account_55,Ida Lopez,midmarket.io,revops,active,true,false,2029-01-12 12:39:51,2029-01-12,2029-06-21 02:16:51,0,-1076,<7 days
user_120,account_91,Jonas Svensson,midmarket.io,sales_rep,inactive,false,false,2028-02-03 01:16:14,2028-02-03,2028-02-28 01:16:14,0,-597,<7 days
user_121,account_88,Adam de Vries,salesops.eu,sales_manager,active,true,false,2027-03-28 01:29:25,2027-03-28,2027-08-28 06:51:25,0,-413,<7 days
user_122,account_26,Elias Olsen,example.eu,sales_rep,active,true,false,2027-07-28 02:00:18,2027-07-28,2028-03-23 20:49:18,0,-621,<7 days
user_123,account_53,Jakob Wilson,midmarket.io,sales_rep,invited,false,false,2028-09-24 20:07:06,2028-09-24,,0,,
user_124,account_76,Nora Taylor,acme-eu.com,sales_rep,inactive,false,false,2026-03-28 01:56:26,2026-03-28,2026-07-12 01:56:26,105,-1,<7 days
user_125,account_67,Hugo Thomas,nordicflow-customer.com,sales_rep,active,true,false,2028-05-05 16:51:23,2028-05-05,2028-09-22 21:07:23,0,-804,<7 days
user_126,account_22,Signe Smith,midmarket.io,sales_rep,inactive,false,false,2026-03-05 23:50:05,2026-03-05,2026-06-18 23:50:05,128,23,7-29 days
user_127,account_74,Jakob Bernard,nordicflow-customer.com,sales_rep,active,true,false,2027-03-26 23:44:31,2027-03-26,2028-02-18 10:02:31,0,-587,<7 days
user_128,account_57,Jakob Weber,example.eu,sales_rep,active,true,false,2027-05-01 13:55:12,2027-05-01,2027-10-12 01:42:12,0,-458,<7 days
user_129,account_58,Ella Larsen,nordicflow-customer.com,sales_rep,inactive,false,false,2029-09-04 10:21:48,2029-09-04,2029-11-21 10:21:48,0,-1229,<7 days
user_13,account_3,Thea Dubois,acme-eu.com,sales_rep,active,true,false,2029-01-04 14:13:23,2029-01-04,2029-11-23 16:13:23,0,-1231,<7 days
user_130,account_25,Oliver Weber,midmarket.io,sales_rep,inactive,false,false,2028-02-12 15:18:28,2028-02-12,2028-02-14 15:18:28,0,-583,<7 days
user_131,account_64,Mikkel Garcia,example.eu,sales_rep,active,true,false,2026-06-16 23:46:54,2026-06-16,2027-01-23 04:20:54,25,-196,<7 days
user_132,account_47,Elin Lind,nordicflow-customer.com,sales_rep,active,true,false,2028-05-04 04:09:29,2028-05-04,2028-09-25 01:25:29,0,-807,<7 days
user_133,account_47,Sara Svensson,midmarket.io,sales_rep,active,true,false,2026-03-12 09:01:53,2026-03-12,2026-03-31 13:41:53,121,102,90+ days
user_134,account_120,Signe Holm,acme-eu.com,sales_rep,active,true,false,2029-08-01 22:28:36,2029-08-01,2029-12-26 00:00:00,0,-1264,<7 days
user_135,account_43,Ingrid Nilsson,midmarket.io,sales_rep,inactive,false,false,2029-09-16 18:12:41,2029-09-16,2029-12-13 18:12:41,0,-1251,<7 days
user_136,account_30,Sofia Martin,example.eu,sales_rep,active,true,false,2028-08-20 17:25:31,2028-08-20,2029-03-02 22:27:31,0,-965,<7 days
user_137,account_54,Sara Nilsson,acme-eu.com,sales_rep,active,true,false,2029-11-30 23:30:30,2029-11-30,2029-12-29 00:00:00,0,-1267,<7 days
user_138,account_59,Ethan Holm,midmarket.io,sales_rep,active,true,false,2029-01-24 22:00:56,2029-01-24,2029-12-27 00:00:00,0,-1265,<7 days
user_139,account_39,Hugo Bakker,acme-eu.com,sales_manager,active,true,false,2028-01-16 08:22:05,2028-01-16,2028-07-13 03:29:05,0,-733,<7 days
user_14,account_28,Ethan Larsen,midmarket.io,sales_rep,active,true,false,2028-01-05 17:42:33,2028-01-05,2028-08-01 00:11:33,0,-752,<7 days
user_140,account_105,Leo Taylor,acme-eu.com,sales_rep,active,true,false,2029-01-14 09:07:01,2029-01-14,2029-02-23 20:56:01,0,-958,<7 days
user_141,account_90,Lea Larsen,nordicflow-customer.com,sales_manager,active,true,false,2027-01-12 15:29:27,2027-01-12,2027-02-07 14:20:27,0,-211,<7 days
user_142,account_99,Elias Hansen,midmarket.io,customer_success,active,true,false,2028-10-11 05:36:27,2028-10-11,2029-06-11 21:53:27,0,-1066,<7 days
user_143,account_84,Benjamin Olsen,midmarket.io,sales_manager,inactive,false,false,2026-02-27 22:34:45,2026-02-27,2026-06-23 22:34:45,134,18,7-29 days
user_144,account_64,Nora Lopez,salesops.eu,admin,active,true,true,2028-06-01 07:09:11,2028-06-01,2029-04-05 10:48:11,0,-999,<7 days
user_145,account_18,Isak Schmidt,salesops.eu,sales_rep,active,true,false,2026-09-10 10:13:30,2026-09-10,2027-05-03 08:20:30,0,-296,<7 days
user_146,account_23,Signe Thomas,example.eu,revops,active,true,false,2026-05-15 17:49:06,2026-05-15,2026-12-07 16:39:06,57,-149,<7 days
user_147,account_97,Lea Holm,salesops.eu,sales_rep,active,true,false,2027-02-11 07:24:29,2027-02-11,2028-01-11 19:40:29,0,-549,<7 days
user_148,account_115,Freja Bakker,nordicflow-customer.com,sales_manager,inactive,false,false,2027-07-25 23:01:47,2027-07-25,2027-10-11 23:01:47,0,-457,<7 days
user_149,account_90,Elin Lopez,example.eu,revops,active,true,false,2029-07-06 12:43:47,2029-07-06,2029-10-25 21:09:47,0,-1202,<7 days
user_15,account_84,Oscar Johansson,example.eu,sales_manager,active,true,false,2026-06-19 17:50:41,2026-06-19,2026-10-25 00:22:41,22,-106,<7 days
user_150,account_118,Benjamin Andersen,nordicflow-customer.com,revops,inactive,false,false,2026-11-11 00:57:03,2026-11-11,2027-01-23 00:57:03,0,-196,<7 days
user_151,account_63,Maja Garcia,midmarket.io,sales_rep,active,true,false,2026-07-24 23:14:29,2026-07-24,2027-04-13 13:24:29,0,-276,<7 days
user_152,account_105,Ali Smith,acme-eu.com,sales_rep,active,true,false,2027-06-20 04:58:01,2027-06-20,2028-06-12 07:08:01,0,-702,<7 days
user_153,account_18,Jakob Pedersen,example.eu,sales_rep,inactive,false,false,2027-08-10 10:05:02,2027-08-10,2027-09-27 10:05:02,0,-443,<7 days
user_154,account_69,Amina Müller,acme-eu.com,sales_manager,active,true,false,2026-01-06 09:29:37,2026-01-06,2026-01-17 19:40:37,186,175,90+ days
user_155,account_20,Lea Svensson,nordicflow-customer.com,sales_rep,active,true,false,2028-08-13 05:59:55,2028-08-13,2028-08-21 14:11:55,0,-772,<7 days
user_156,account_95,Noah Jensen,example.eu,sales_rep,active,true,false,2029-09-03 18:11:50,2029-09-03,2029-10-01 22:57:50,0,-1178,<7 days
user_157,account_105,Adam Olsen,salesops.eu,admin,invited,false,true,2028-03-20 17:38:52,2028-03-20,,0,,
user_158,account_117,Nora van Dijk,example.eu,sales_rep,active,true,false,2027-06-20 00:42:55,2027-06-20,2028-05-14 23:36:55,0,-673,<7 days
user_159,account_69,Victor Olsen,acme-eu.com,sales_rep,active,true,false,2029-06-05 17:30:45,2029-06-05,2029-12-23 00:00:00,0,-1261,<7 days
user_16,account_57,Elin Andersen,nordicflow-customer.com,sales_manager,active,true,false,2026-01-23 22:12:45,2026-01-23,2026-03-12 06:16:45,169,121,90+ days
user_160,account_119,Jonas Thomas,salesops.eu,sales_rep,active,true,false,2026-10-23 21:40:10,2026-10-23,2026-11-19 06:49:10,0,-131,<7 days
user_161,account_86,Elin Svensson,example.eu,sales_rep,inactive,false,false,2027-04-16 23:40:07,2027-04-16,2027-08-10 23:40:07,0,-395,<7 days
user_162,account_32,Mikkel Bakker,acme-eu.com,sales_rep,active,true,false,2027-05-15 14:40:35,2027-05-15,2027-10-07 03:39:35,0,-453,<7 days
user_163,account_103,Victor Taylor,salesops.eu,,active,true,false,2027-10-06 00:26:07,2027-10-06,2027-10-29 19:38:07,0,-475,<7 days
user_164,account_38,Sara Svensson,salesops.eu,sales_rep,active,true,false,2027-01-17 17:28:44,2027-01-17,2027-09-30 12:15:44,0,-446,<7 days
user_165,account_59,Oliver Smith,salesops.eu,sales_rep,active,true,false,2028-01-29 13:45:07,2028-01-29,2028-05-03 08:15:07,0,-662,<7 days
user_166,account_1,Jakob Larsen,acme-eu.com,sales_rep,active,true,false,2026-12-06 18:27:37,2026-12-06,2027-08-22 10:00:37,0,-407,<7 days
user_167,account_1,Ethan Dubois,example.eu,sales_rep,active,true,false,2027-03-03 19:04:37,2027-03-03,2027-12-03 04:51:37,0,-510,<7 days
user_168,account_13,Fatima Larsen,acme-eu.com,sales_rep,active,true,false,2029-06-20 09:23:43,2029-06-20,2029-12-18 18:30:43,0,-1256,<7 days
user_169,account_39,Maja van Dijk,nordicflow-customer.com,sales_rep,active,true,false,2028-05-08 14:12:11,2028-05-08,2029-01-06 16:06:11,0,-910,<7 days
user_17,account_50,Mateo Lopez,example.eu,sales_rep,active,true,false,2029-02-08 19:12:43,2029-02-08,2029-11-20 17:47:43,0,-1228,<7 days
user_170,account_110,Oscar Garcia,midmarket.io,customer_success,active,true,false,2029-11-01 01:53:28,2029-11-01,2029-12-24 00:00:00,0,-1262,<7 days
user_171,account_23,Adam Hansen,acme-eu.com,sales_rep,active,true,false,2029-01-12 03:48:24,2029-01-12,2029-08-03 06:25:24,0,-1119,<7 days
user_172,account_50,Elias Brown,nordicflow-customer.com,sales_rep,invited,false,false,2026-03-25 09:56:53,2026-03-25,,108,,
user_173,account_100,Adam Hansen,salesops.eu,revops,active,true,false,2026-12-21 09:36:56,2026-12-21,2027-06-22 04:28:56,0,-346,<7 days
user_174,account_32,Lucas Nielsen,salesops.eu,,active,true,false,2028-09-11 17:32:16,2028-09-11,2028-11-29 06:49:16,0,-872,<7 days
user_175,account_17,Maja Berg,example.eu,sales_rep,active,true,false,2027-09-26 20:59:22,2027-09-26,2027-11-17 21:52:22,0,-494,<7 days
user_176,account_53,Anton Taylor,nordicflow-customer.com,sales_manager,active,true,false,2027-01-13 02:05:49,2027-01-13,2027-11-01 19:52:49,0,-478,<7 days
user_177,account_56,Lea Nilsson,salesops.eu,sales_rep,active,true,false,2027-01-27 00:02:46,2027-01-27,2027-06-02 21:22:46,0,-326,<7 days
user_178,account_80,Anton Brown,salesops.eu,sales_rep,active,true,false,2029-07-03 07:37:08,2029-07-03,2029-12-29 00:00:00,0,-1267,<7 days
user_179,account_41,Hugo Smith,example.eu,customer_success,active,true,false,2027-05-22 05:55:10,2027-05-22,2027-11-30 15:29:10,0,-507,<7 days
user_18,account_96,Adam Johansson,nordicflow-customer.com,sales_rep,active,true,false,2029-08-17 15:42:06,2029-08-17,2029-12-31 00:00:00,0,-1269,<7 days
user_180,account_88,Elin Hansen,example.eu,customer_success,active,true,false,2029-05-24 03:52:18,2029-05-24,2029-10-21 03:30:18,0,-1198,<7 days
user_181,account_33,Sara Bakker,example.eu,revops,active,true,false,2028-07-17 20:35:23,2028-07-17,2029-03-20 16:27:23,0,-983,<7 days
user_182,account_47,Ethan Bernard,nordicflow-customer.com,sales_rep,active,true,false,2028-10-29 13:35:03,2028-10-29,2029-04-28 19:15:03,0,-1022,<7 days
user_183,account_102,Hanna Andersen,nordicflow-customer.com,sales_rep,active,true,false,2029-03-06 04:41:56,2029-03-06,2029-11-26 23:43:56,0,-1234,<7 days
user_184,account_65,Sara Pedersen,nordicflow-customer.com,sales_rep,active,true,false,2029-12-01 00:29:59,2029-12-01,2029-12-29 00:00:00,0,-1267,<7 days
user_185,account_93,Jonas Holm,nordicflow-customer.com,sales_rep,active,true,false,2026-06-28 18:41:23,2026-06-28,2026-07-10 06:23:23,13,1,<7 days
user_186,account_21,Amelia Dubois,example.eu,customer_success,active,true,false,2027-09-22 05:15:46,2027-09-22,2028-08-09 11:32:46,0,-760,<7 days
user_187,account_55,Anton Hansen,acme-eu.com,sales_rep,active,true,false,2029-06-10 07:37:54,2029-06-10,2029-07-13 03:19:54,0,-1098,<7 days
user_188,account_111,Klara Müller,salesops.eu,sales_rep,active,true,false,2028-06-30 21:07:19,2028-06-30,2028-08-28 08:59:19,0,-779,<7 days
user_189,account_76,Maja de Vries,acme-eu.com,sales_rep,active,true,false,2026-07-01 16:10:16,2026-07-01,2026-10-03 04:54:16,10,-84,<7 days
user_19,account_114,Benjamin Olsen,midmarket.io,sales_rep,active,true,false,2027-10-14 05:50:15,2027-10-14,2028-09-15 01:45:15,0,-797,<7 days
user_190,account_82,Ethan Bakker,acme-eu.com,sales_rep,active,true,false,2026-08-06 22:38:02,2026-08-06,2026-11-10 09:22:02,0,-122,<7 days
user_191,account_50,Elin Müller,example.eu,sales_rep,active,true,false,2029-01-08 04:01:35,2029-01-08,2029-08-23 20:41:35,0,-1139,<7 days
user_192,account_22,Lina Martin,example.eu,sales_rep,active,true,false,2026-06-27 09:55:57,2026-06-27,2026-11-12 04:27:57,14,-124,<7 days
user_193,account_55,Oscar Smith,acme-eu.com,sales_rep,invited,false,false,2027-11-30 15:14:13,2027-11-30,,0,,
user_194,account_27,Thea Bakker,salesops.eu,admin,active,true,true,2027-10-28 03:13:30,2027-10-28,2028-01-21 00:14:30,0,-559,<7 days
user_195,account_36,Mikkel Dubois,acme-eu.com,sales_rep,active,true,false,2027-03-26 11:07:30,2027-03-26,2028-01-13 20:14:30,0,-551,<7 days
user_196,account_118,Sofia Eriksen,acme-eu.com,sales_manager,active,true,false,2026-08-16 04:21:02,2026-08-16,2027-08-15 15:20:02,0,-400,<7 days
user_197,account_54,Anton Schmidt,nordicflow-customer.com,sales_manager,inactive,false,false,2026-05-25 14:49:30,2026-05-25,2026-07-15 14:49:30,47,-4,<7 days
user_198,account_1,Maja Smith,example.eu,sales_manager,active,true,false,2029-08-13 14:15:28,2029-08-13,2029-09-15 08:29:28,0,-1162,<7 days
user_199,account_71,Benjamin Larsen,midmarket.io,admin,active,true,true,2029-10-21 00:30:06,2029-10-21,2029-12-31 00:00:00,0,-1269,<7 days
user_2,account_26,Ethan Nilsson,acme-eu.com,sales_rep,active,true,false,2029-09-12 09:51:54,2029-09-12,2029-09-15 15:17:54,0,-1162,<7 days
user_20,account_17,Freja Schmidt,salesops.eu,customer_success,inactive,false,false,2026-01-15 11:18:19,2026-01-15,2026-03-14 11:18:19,177,119,90+ days
user_200,account_57,Lina Hansen,example.eu,sales_rep,active,true,false,2026-07-24 22:04:34,2026-07-24,2027-06-22 08:22:34,0,-346,<7 days
user_201,account_116,Oliver Johansson,example.eu,,active,true,false,2029-03-19 05:05:44,2029-03-19,2029-07-16 19:44:44,0,-1101,<7 days
user_202,account_88,Jonas Hansen,nordicflow-customer.com,sales_manager,active,true,false,2029-08-29 11:48:39,2029-08-29,2029-12-29 00:00:00,0,-1267,<7 days
user_203,account_39,Elias Jensen,acme-eu.com,sales_manager,active,true,false,2026-04-17 06:34:10,2026-04-17,2027-01-14 01:47:10,85,-187,<7 days
user_204,account_53,Signe de Vries,example.eu,admin,active,true,true,2026-06-06 01:36:39,2026-06-06,2026-08-16 05:48:39,35,-36,<7 days
user_205,account_36,Maja Olsen,midmarket.io,sales_manager,active,true,false,2027-03-19 14:37:03,2027-03-19,2028-03-06 15:31:03,0,-604,<7 days
user_206,account_38,Sofia Brown,acme-eu.com,,active,true,false,2028-02-16 01:47:13,2028-02-16,2029-01-07 22:03:13,0,-911,<7 days
user_207,account_108,Benjamin Nilsson,salesops.eu,sales_rep,active,true,true,2028-01-02 16:41:52,2028-01-02,2028-02-08 17:15:52,0,-577,<7 days
user_208,account_37,Isak Taylor,example.eu,sales_rep,active,true,false,2028-09-22 00:57:39,2028-09-22,2029-06-23 19:18:39,0,-1078,<7 days
user_209,account_69,Adam Jensen,midmarket.io,sales_manager,active,true,false,2028-11-23 23:35:46,2028-11-23,2029-10-19 01:50:46,0,-1196,<7 days
user_21,account_113,Lucas Garcia,acme-eu.com,,active,true,false,2029-07-19 04:15:53,2029-07-19,2029-12-27 00:00:00,0,-1265,<7 days
user_210,account_15,Lina Bernard,midmarket.io,,active,true,false,2028-10-19 05:58:12,2028-10-19,2029-01-16 10:02:12,0,-920,<7 days
user_211,account_106,Mateo Berg,salesops.eu,sales_rep,active,true,false,2027-02-22 12:15:58,2027-02-22,2027-04-23 13:15:58,0,-286,<7 days
user_212,account_64,Lina Müller,salesops.eu,sales_rep,inactive,false,false,2026-09-17 05:47:21,2026-09-17,2026-11-03 05:47:21,0,-115,<7 days
user_213,account_1,Noah Thomas,nordicflow-customer.com,sales_rep,active,true,false,2027-08-18 22:30:34,2027-08-18,2027-11-03 04:36:34,0,-480,<7 days
user_214,account_54,Adam Eriksen,nordicflow-customer.com,sales_rep,active,true,false,2028-11-11 23:24:07,2028-11-11,2028-12-08 05:31:07,0,-881,<7 days
user_215,account_100,Freja Holm,nordicflow-customer.com,sales_rep,active,true,false,2026-11-08 17:33:46,2026-11-08,2027-04-07 12:47:46,0,-270,<7 days
user_216,,William Smith,midmarket.io,revops,active,true,false,2026-01-10 21:47:04,2026-01-10,2026-08-07 22:35:04,182,-27,<7 days
user_217,account_85,Anton Thomas,salesops.eu,sales_rep,active,true,false,2027-01-05 23:31:53,2027-01-05,2027-08-08 16:18:53,0,-393,<7 days
user_218,account_90,Julie Schmidt,nordicflow-customer.com,sales_rep,active,true,false,2028-09-16 21:07:20,2028-09-16,2029-04-05 23:40:20,0,-999,<7 days
user_219,account_119,Amina Bakker,salesops.eu,sales_rep,active,true,false,2026-04-27 00:32:57,2026-04-27,2026-08-08 05:10:57,75,-28,<7 days
user_22,account_113,Elias Eriksen,nordicflow-customer.com,admin,active,true,true,2026-08-30 11:31:05,2026-08-30,2027-01-16 21:08:05,0,-189,<7 days
user_220,account_69,Leo Taylor,acme-eu.com,sales_rep,active,true,false,2029-08-17 06:50:22,2029-08-17,2029-10-17 09:55:22,0,-1194,<7 days
user_221,account_92,Ella Pedersen,example.eu,sales_rep,active,true,false,2027-02-09 03:43:15,2027-02-09,2027-05-09 04:46:15,0,-302,<7 days
user_222,account_18,Ingrid Hansen,nordicflow-customer.com,revops,invited,false,false,2026-07-23 01:25:02,2026-07-23,,0,,
user_223,account_118,Lucas Hansen,nordicflow-customer.com,sales_rep,active,true,false,2029-06-11 04:50:28,2029-06-11,2029-08-15 07:58:28,0,-1131,<7 days
user_224,account_56,Amina Weber,nordicflow-customer.com,sales_rep,active,true,false,2027-07-04 19:57:39,2027-07-04,2027-10-22 02:20:39,0,-468,<7 days
user_225,account_64,Jakob Garcia,midmarket.io,sales_rep,active,true,false,2027-08-18 23:50:40,2027-08-18,2027-10-28 14:08:40,0,-474,<7 days
user_226,account_49,Leo Weber,midmarket.io,revops,active,true,false,2028-05-28 17:00:07,2028-05-28,2029-02-10 03:58:07,0,-945,<7 days
user_227,account_8,Victor Müller,salesops.eu,revops,invited,false,false,2026-09-05 23:14:39,2026-09-05,,0,,
user_228,account_29,Benjamin Thomas,example.eu,sales_rep,active,true,false,2029-08-06 00:07:09,2029-08-06,2029-11-02 06:07:09,0,-1210,<7 days
user_229,,Benjamin Martin,acme-eu.com,sales_rep,active,true,false,2029-06-12 21:56:42,2029-06-12,2029-12-27 00:00:00,0,-1265,<7 days
user_23,account_63,Mateo Garcia,nordicflow-customer.com,sales_rep,active,true,false,2027-03-06 19:23:11,2027-03-06,2027-03-28 19:30:11,0,-260,<7 days
user_230,account_118,Signe Svensson,acme-eu.com,sales_rep,active,true,false,2029-05-31 12:33:05,2029-05-31,2029-11-12 14:34:05,0,-1220,<7 days
user_231,account_10,Julie Bakker,example.eu,sales_rep,active,true,false,2027-05-17 03:31:09,2027-05-17,2027-07-25 08:53:09,0,-379,<7 days
user_232,account_89,Signe Brown,salesops.eu,sales_rep,Active,false,false,2026-09-30 09:34:57,2026-09-30,2027-04-11 20:02:57,0,-274,<7 days
user_233,account_73,Noah Berg,midmarket.io,sales_rep,active,true,false,2028-08-07 17:56:29,2028-08-07,2028-11-29 15:45:29,0,-872,<7 days
user_234,account_22,Maja Wilson,salesops.eu,sales_rep,active,true,false,2027-01-23 15:33:27,2027-01-23,2028-01-12 17:51:27,0,-550,<7 days
user_235,account_22,Jakob Weber,example.eu,sales_rep,active,true,false,2029-07-11 12:09:49,2029-07-11,2029-12-21 00:00:00,0,-1259,<7 days
user_236,account_14,Lucas Holm,acme-eu.com,admin,active,true,true,2026-04-27 12:17:34,2026-04-27,2027-02-01 15:27:34,75,-205,<7 days
user_237,account_84,Oliver Bernard,example.eu,sales_rep,active,true,false,2026-11-16 07:28:37,2026-11-16,2027-02-21 21:26:37,0,-225,<7 days
user_238,account_7,Amina Martin,midmarket.io,revops,active,true,false,2027-07-15 12:40:38,2027-07-15,2027-07-17 03:15:38,0,-371,<7 days
user_239,account_82,Hugo Nielsen,example.eu,revops,active,true,false,2027-09-10 10:39:24,2027-09-10,2028-05-09 03:20:24,0,-668,<7 days
user_24,account_72,Ali Andersen,nordicflow-customer.com,customer_success,active,true,false,2026-08-20 13:08:47,2026-08-20,2027-05-26 14:21:47,0,-319,<7 days
user_240,account_58,Noah Eriksen,example.eu,sales_rep,active,true,false,2027-02-22 04:43:00,2027-02-22,2027-12-07 06:49:00,0,-514,<7 days
user_241,account_97,Thea Olsen,midmarket.io,sales_rep,active,true,false,2028-03-22 19:16:45,2028-03-22,2028-10-23 13:32:45,0,-835,<7 days
user_242,account_110,Noah Müller,midmarket.io,customer_success,active,true,false,2028-11-18 12:19:52,2028-11-18,2029-10-01 17:20:52,0,-1178,<7 days
user_243,account_6,Hanna Nielsen,example.eu,sales_rep,active,true,false,2026-08-18 17:18:02,2026-08-18,2027-06-19 02:06:02,0,-343,<7 days
user_244,account_36,Fatima Schmidt,nordicflow-customer.com,revops,active,true,false,2028-03-22 18:31:25,2028-03-22,2028-10-22 22:21:25,0,-834,<7 days
user_245,account_73,Oscar Brown,salesops.eu,admin,inactive,false,true,2029-09-25 18:14:39,2029-09-25,2029-11-16 18:14:39,0,-1224,<7 days
user_246,account_52,Sara Bernard,midmarket.io,sales_manager,active,true,false,2027-09-07 20:13:22,2027-09-07,2028-02-24 19:47:22,0,-593,<7 days
user_247,account_108,Klara Thomas,nordicflow-customer.com,customer_success,active,true,false,2027-04-12 18:43:22,2027-04-12,2027-11-25 05:40:22,0,-502,<7 days
user_248,account_95,Klara Taylor,midmarket.io,admin,active,true,true,2028-03-11 10:38:48,2028-03-11,2028-05-31 12:52:48,0,-690,<7 days
user_249,account_4,Nora Svensson,acme-eu.com,revops,active,true,false,2027-12-11 01:38:23,2027-12-11,2028-01-05 13:56:23,0,-543,<7 days
user_25,account_102,Noah Garcia,salesops.eu,sales_rep,active,true,false,2026-06-09 16:25:26,2026-06-09,2026-12-08 11:31:26,32,-150,<7 days
user_250,account_4,Ella Pedersen,example.eu,sales_rep,active,true,false,2029-09-14 05:52:31,2029-09-14,2029-12-23 00:00:00,0,-1261,<7 days
user_251,account_50,Sofia Berg,midmarket.io,revops,active,true,false,2026-12-10 20:33:58,2026-12-10,2027-11-07 04:14:58,0,-484,<7 days
user_252,account_2,Victor Lopez,acme-eu.com,sales_manager,active,true,false,2026-01-14 03:33:02,2026-01-14,2026-05-08 12:09:02,178,64,30-89 days
user_253,account_110,Leo Schmidt,salesops.eu,sales_rep,active,true,true,2028-03-19 18:47:15,2028-03-19,2029-02-02 08:20:15,0,-937,<7 days
user_254,account_77,Mikkel Lind,salesops.eu,sales_manager,active,true,false,2027-06-07 09:33:47,2027-06-07,2027-10-27 07:24:47,0,-473,<7 days
user_255,account_67,Ella Garcia,nordicflow-customer.com,revops,active,true,false,2028-07-21 02:51:46,2028-07-21,2029-02-13 01:23:46,0,-948,<7 days
user_256,account_52,Anton Smith,nordicflow-customer.com,sales_rep,invited,false,false,2029-06-21 15:13:59,2029-06-21,,0,,
user_257,account_86,Leo Müller,salesops.eu,revops,active,true,false,2029-09-23 14:05:38,2029-09-23,2029-12-27 00:00:00,0,-1265,<7 days
user_258,account_88,Amelia van Dijk,nordicflow-customer.com,sales_rep,active,true,false,2029-09-15 17:20:54,2029-09-15,2029-12-26 00:00:00,0,-1264,<7 days
user_259,account_75,Signe Nielsen,example.eu,admin,active,true,true,2029-09-09 14:39:37,2029-09-09,2029-12-23 00:00:00,0,-1261,<7 days
user_26,account_103,Nora Garcia,example.eu,sales_rep,active,true,false,2027-06-01 00:46:18,2027-06-01,2027-12-28 23:37:18,0,-535,<7 days
user_260,account_53,Benjamin Garcia,example.eu,sales_rep,inactive,false,false,2026-10-08 04:11:15,2026-10-08,2027-01-15 04:11:15,0,-188,<7 days
user_261,account_27,Oliver Martin,acme-eu.com,sales_rep,active,true,false,2026-05-17 18:25:09,2026-05-17,2026-07-23 15:23:09,55,-12,<7 days
user_262,account_2,Adam Taylor,midmarket.io,sales_rep,active,true,false,2028-08-31 12:34:55,2028-08-31,2029-01-05 20:17:55,0,-909,<7 days
user_263,account_6,Freja Lind,example.eu,sales_manager,active,true,false,2027-06-09 19:24:26,2027-06-09,2028-01-18 18:50:26,0,-556,<7 days
user_264,account_104,Amina Hansen,acme-eu.com,sales_rep,invited,false,false,2026-11-25 01:44:32,2026-11-25,,0,,
user_265,account_113,Mateo Taylor,midmarket.io,sales_manager,active,true,true,2026-03-16 12:05:32,2026-03-16,2027-02-17 15:46:32,117,-221,<7 days
user_266,account_61,Sara Svensson,nordicflow-customer.com,sales_rep,active,true,false,2028-10-26 03:09:18,2028-10-26,2029-07-19 12:21:18,0,-1104,<7 days
user_267,account_37,Ingrid Brown,nordicflow-customer.com,sales_rep,active,true,false,2029-04-23 12:24:38,2029-04-23,2029-09-05 06:15:38,0,-1152,<7 days
user_268,account_120,Victor Holm,acme-eu.com,sales_rep,active,true,false,2029-11-09 18:56:19,2029-11-09,2029-12-21 00:00:00,0,-1259,<7 days
user_269,account_83,Liam Schmidt,salesops.eu,sales_rep,active,true,false,2029-06-17 05:29:19,2029-06-17,2029-09-14 06:49:19,0,-1161,<7 days
user_27,account_110,Victor Olsen,acme-eu.com,revops,active,true,false,2027-04-20 02:20:24,2027-04-20,2027-08-14 09:56:24,0,-399,<7 days
user_270,account_114,Noah Hansen,acme-eu.com,sales_manager,active,true,false,2027-07-10 09:35:15,2027-07-10,2028-02-20 06:48:15,0,-589,<7 days
user_271,account_35,Anton Bakker,example.eu,revops,active,true,false,2029-05-22 22:56:30,2029-05-22,2029-08-16 02:47:30,0,-1132,<7 days
user_272,account_62,Benjamin de Vries,example.eu,sales_rep,active,true,false,2027-07-12 01:32:11,2027-07-12,2028-05-20 02:31:11,0,-679,<7 days
user_273,account_114,Jakob Schmidt,nordicflow-customer.com,sales_rep,active,true,false,2026-01-20 04:49:19,2026-01-20,2027-01-16 03:57:19,172,-189,<7 days
user_274,account_67,Fatima Bakker,midmarket.io,sales_rep,active,true,false,2027-01-22 03:37:19,2027-01-22,2027-09-25 15:25:19,0,-441,<7 days
user_275,account_2,Oliver Müller,example.eu,admin,inactive,false,true,2026-04-27 07:10:42,2026-04-27,2026-08-01 07:10:42,75,-21,<7 days
user_276,account_83,Anton Jensen,acme-eu.com,sales_rep,active,true,false,2028-06-09 04:17:26,2028-06-09,2029-01-24 07:17:26,0,-928,<7 days
user_277,account_53,Noah Dubois,midmarket.io,sales_rep,active,true,false,2028-07-27 14:19:50,2028-07-27,2029-06-09 12:04:50,0,-1064,<7 days
user_278,account_105,Liam Thomas,example.eu,sales_rep,active,true,false,2028-07-20 23:48:00,2028-07-20,2029-03-20 22:13:00,0,-983,<7 days
user_279,account_103,Hugo Dubois,midmarket.io,sales_rep,active,true,false,2029-10-25 06:00:09,2029-10-25,2029-12-29 00:00:00,0,-1267,<7 days
user_28,account_83,Isak Jensen,midmarket.io,sales_rep,active,true,false,2029-09-24 10:21:42,2029-09-24,2029-12-22 00:00:00,0,-1260,<7 days
user_280,account_110,Amina Svensson,example.eu,revops,active,true,false,2027-06-09 23:04:33,2027-06-09,2027-08-04 13:12:33,0,-389,<7 days
user_281,account_65,Elias Weber,nordicflow-customer.com,sales_rep,active,true,false,2029-12-23 22:49:12,2029-12-23,2029-12-24 00:00:00,0,-1262,<7 days
user_282,account_50,Mikkel Bernard,salesops.eu,sales_rep,active,true,false,2028-08-04 00:55:49,2028-08-04,2029-07-24 09:23:49,0,-1109,<7 days
user_283,account_90,Isak Lind,midmarket.io,admin,active,true,true,2029-12-24 06:25:05,2029-12-24,2029-12-28 00:00:00,0,-1266,<7 days
user_284,account_91,Nora Müller,midmarket.io,sales_manager,active,true,false,2026-06-29 06:37:10,2026-06-29,2026-12-27 01:48:10,12,-169,<7 days
user_285,account_37,Hanna Brown,nordicflow-customer.com,sales_rep,active,true,false,2026-08-14 18:10:21,2026-08-14,2026-09-11 17:02:21,0,-62,<7 days
user_286,account_8,Hugo Svensson,midmarket.io,sales_rep,active,true,false,2026-06-09 04:43:53,2026-06-09,2027-04-21 03:46:53,32,-284,<7 days
user_287,account_103,Hugo Bakker,nordicflow-customer.com,customer_success,active,true,false,2029-05-09 06:55:38,2029-05-09,2029-12-23 00:00:00,0,-1261,<7 days
user_288,account_29,Julie Taylor,midmarket.io,sales_rep,active,true,false,2029-04-20 16:50:52,2029-04-20,2029-07-29 02:52:52,0,-1114,<7 days
user_289,account_6,Hanna Eriksen,midmarket.io,sales_rep,active,true,false,2029-08-07 05:41:43,2029-08-07,2029-12-15 05:52:43,0,-1253,<7 days
user_29,account_66,Ingrid Jensen,midmarket.io,sales_rep,active,true,false,2027-11-09 09:24:09,2027-11-09,2027-11-10 03:08:09,0,-487,<7 days
user_290,account_120,Signe Wilson,salesops.eu,sales_rep,active,true,false,2027-07-11 06:23:54,2027-07-11,2027-08-17 17:13:54,0,-402,<7 days
user_291,account_52,Maja Pedersen,acme-eu.com,admin,active,true,true,2027-05-30 07:03:18,2027-05-30,2027-11-30 17:04:18,0,-507,<7 days
user_292,account_84,Ali Andersen,salesops.eu,sales_rep,inactive,false,false,2028-08-11 08:26:06,2028-08-11,2028-12-06 08:26:06,0,-879,<7 days
user_293,account_50,Mateo Dubois,salesops.eu,sales_rep,active,true,false,2029-04-11 22:06:37,2029-04-11,2029-10-20 15:39:37,0,-1197,<7 days
user_294,account_13,Oliver Taylor,midmarket.io,sales_rep,active,true,false,2026-11-24 10:30:10,2026-11-24,2027-11-03 07:59:10,0,-480,<7 days
user_295,account_95,Hanna van Dijk,nordicflow-customer.com,sales_manager,active,true,false,2027-12-15 09:09:27,2027-12-15,2028-06-01 10:26:27,0,-691,<7 days
user_296,account_34,Jakob Jensen,example.eu,sales_manager,active,true,true,2026-01-27 05:44:27,2026-01-27,2026-08-15 04:42:27,165,-35,<7 days
user_297,account_109,Lucas Pedersen,midmarket.io,sales_rep,active,true,false,2027-04-14 03:10:07,2027-04-14,2028-02-18 06:07:07,0,-587,<7 days
user_298,account_18,Amina Brown,midmarket.io,sales_rep,active,true,false,2027-04-09 00:21:06,2027-04-09,2028-03-20 22:27:06,0,-618,<7 days
user_299,account_11,Freja Svensson,salesops.eu,sales_rep,inactive,false,false,2029-08-15 16:41:12,2029-08-15,2029-10-19 16:41:12,0,-1196,<7 days
user_3,account_13,Leo Thomas,salesops.eu,sales_manager,active,true,false,2029-02-07 14:22:22,2029-02-07,2029-10-01 08:40:22,0,-1178,<7 days
user_30,account_86,Amelia Bernard,salesops.eu,sales_manager,active,true,false,2029-10-30 04:10:41,2029-10-30,2029-12-27 00:00:00,0,-1265,<7 days
user_300,account_73,Sofia Thomas,midmarket.io,sales_rep,active,true,false,2027-03-28 12:19:00,2027-03-28,2028-03-05 14:36:00,0,-603,<7 days
user_301,account_31,Oscar Lind,midmarket.io,sales_rep,active,true,false,2028-01-25 18:13:10,2028-01-25,2028-09-12 05:25:10,0,-794,<7 days
user_302,account_55,Oliver Hansen,salesops.eu,sales_rep,active,true,false,2029-02-23 06:20:51,2029-02-23,2029-12-27 00:00:00,0,-1265,<7 days
user_303,account_40,Klara Dubois,nordicflow-customer.com,sales_rep,active,true,false,2029-07-31 16:19:03,2029-07-31,2029-12-21 21:05:03,0,-1259,<7 days
user_304,account_65,Emma Wilson,midmarket.io,sales_rep,active,true,false,2026-11-27 12:17:35,2026-11-27,2026-12-16 07:06:35,0,-158,<7 days
user_305,account_115,Thea Smith,salesops.eu,sales_rep,active,true,false,2026-05-21 16:05:55,2026-05-21,2026-12-11 04:30:55,51,-153,<7 days
user_306,account_66,Elias Schmidt,acme-eu.com,sales_rep,inactive,false,false,2028-10-21 08:42:35,2028-10-21,2029-02-09 08:42:35,0,-944,<7 days
user_307,account_34,Julie Olsen,nordicflow-customer.com,sales_manager,active,true,false,2029-05-14 11:47:04,2029-05-14,2029-11-15 01:01:04,0,-1223,<7 days
user_308,account_82,Lea Wilson,salesops.eu,sales_rep,active,true,false,2027-08-09 02:53:11,2027-08-09,2028-07-08 15:48:11,0,-728,<7 days
user_309,account_67,Amina Pedersen,salesops.eu,sales_rep,active,true,false,2028-07-27 14:37:05,2028-07-27,2028-07-31 07:44:05,0,-751,<7 days
user_31,account_49,Nora Bernard,midmarket.io,sales_rep,active,true,false,2026-01-01 15:08:04,2026-01-01,2026-06-06 00:55:04,191,35,30-89 days
user_310,account_47,Mikkel Bakker,nordicflow-customer.com,sales_manager,active,true,false,2027-05-28 23:40:17,2027-05-28,2027-07-26 16:06:17,0,-380,<7 days
user_311,account_17,Benjamin Martin,acme-eu.com,sales_rep,active,true,false,2029-10-15 19:20:39,2029-10-15,2029-12-31 00:00:00,0,-1269,<7 days
user_312,account_113,Hugo Nielsen,acme-eu.com,sales_rep,invited,false,false,2029-09-09 07:22:37,2029-09-09,,0,,
user_313,account_80,Isak Eriksen,acme-eu.com,sales_manager,Active,false,false,2027-12-06 10:35:32,2027-12-06,2028-10-07 06:44:32,0,-819,<7 days
user_314,,Victor Garcia,midmarket.io,sales_rep,inactive,false,false,2028-04-05 13:08:40,2028-04-05,2028-06-08 13:08:40,0,-698,<7 days
user_315,account_100,Hanna Müller,example.eu,sales_rep,active,true,false,2028-04-03 00:59:29,2028-04-03,2028-11-08 08:48:29,0,-851,<7 days
user_316,account_90,Benjamin Andersen,example.eu,sales_rep,active,true,false,2026-12-28 04:42:31,2026-12-28,2027-02-08 14:22:31,0,-212,<7 days
user_317,account_16,Fatima Hansen,example.eu,sales_manager,active,true,false,2027-05-06 17:40:10,2027-05-06,2027-12-02 06:01:10,0,-509,<7 days
user_318,account_79,Lea de Vries,example.eu,revops,active,true,false,2029-05-02 13:45:00,2029-05-02,2029-12-29 00:00:00,0,-1267,<7 days
user_319,account_95,Elias Thomas,nordicflow-customer.com,sales_manager,active,true,false,2028-12-22 08:13:12,2028-12-22,2029-03-14 11:38:12,0,-977,<7 days
user_32,account_66,Victor Brown,acme-eu.com,sales_manager,active,true,false,2028-10-28 06:15:53,2028-10-28,2029-09-18 03:23:53,0,-1165,<7 days
user_320,account_21,Anton van Dijk,nordicflow-customer.com,revops,active,true,false,2028-01-03 17:04:55,2028-01-03,2028-11-06 07:55:55,0,-849,<7 days
user_321,account_52,Signe van Dijk,midmarket.io,sales_rep,Invited,false,false,2026-03-31 06:22:37,2026-03-31,,102,,
user_322,account_66,Fatima Bakker,acme-eu.com,sales_manager,active,true,false,2027-07-13 20:04:45,2027-07-13,2027-11-13 18:25:45,0,-490,<7 days
user_323,account_26,Fatima Hansen,nordicflow-customer.com,customer_success,active,true,false,2029-02-02 00:24:47,2029-02-02,2029-11-15 20:17:47,0,-1223,<7 days
user_324,account_74,Ali Eriksen,acme-eu.com,sales_rep,active,true,false,2026-04-23 10:44:40,2026-04-23,2027-01-05 20:46:40,79,-178,<7 days
user_325,account_89,Jonas Jensen,midmarket.io,sales_rep,active,true,false,2027-06-12 15:28:15,2027-06-12,2028-02-02 14:43:15,0,-571,<7 days
user_326,account_29,Liam Brown,salesops.eu,sales_rep,active,true,false,2028-04-12 02:33:02,2028-04-12,2028-04-17 02:28:02,0,-646,<7 days
user_327,account_120,Nora Weber,salesops.eu,sales_rep,inactive,false,false,2027-02-22 23:52:20,2027-02-22,2027-03-17 23:52:20,0,-249,<7 days
user_328,account_34,Ida Olsen,acme-eu.com,revops,active,true,false,2027-07-08 01:39:45,2027-07-08,2027-09-25 05:17:45,0,-441,<7 days
user_329,account_6,Victor Pedersen,midmarket.io,sales_rep,inactive,false,false,2029-09-30 13:35:06,2029-09-30,,0,,
user_33,account_4,Noah Olsen,example.eu,sales_manager,active,true,false,2027-12-09 11:08:43,2027-12-09,2028-07-09 08:37:43,0,-729,<7 days
user_330,account_97,Benjamin Larsen,nordicflow-customer.com,sales_rep,active,true,false,2029-12-30 16:51:21,2029-12-30,2029-12-23 00:00:00,0,-1261,<7 days
user_331,account_41,Ali Hansen,acme-eu.com,sales_rep,active,true,false,2027-07-16 17:30:42,2027-07-16,2028-05-25 02:21:42,0,-684,<7 days
user_332,account_55,Ida Nilsson,salesops.eu,sales_rep,active,true,false,2027-12-02 04:23:41,2027-12-02,2028-03-03 23:53:41,0,-601,<7 days
user_333,account_110,Anton Svensson,acme-eu.com,revops,active,true,false,2028-01-05 18:14:03,2028-01-05,2028-01-10 00:15:03,0,-548,<7 days
user_334,account_63,Freja Eriksen,midmarket.io,admin,active,true,true,2026-06-03 18:02:52,2026-06-03,2027-05-22 23:36:52,38,-315,<7 days
user_335,account_43,Mateo Pedersen,salesops.eu,sales_rep,inactive,false,false,2027-02-05 08:18:18,2027-02-05,2027-03-21 08:18:18,0,-253,<7 days
user_336,account_84,Ethan Berg,salesops.eu,sales_rep,active,true,false,2028-01-28 07:05:02,2028-01-28,2028-09-12 09:45:02,0,-794,<7 days
user_337,account_44,Jakob van Dijk,midmarket.io,sales_rep,active,true,false,2026-04-21 19:54:00,2026-04-21,2026-06-01 01:25:00,81,40,30-89 days
user_338,account_114,Jonas Taylor,salesops.eu,sales_manager,active,true,true,2027-12-01 11:58:40,2027-12-01,2028-06-29 17:40:40,0,-719,<7 days
user_339,account_11,Ida Berg,example.eu,sales_rep,active,true,false,2029-09-26 23:58:26,2029-09-26,2029-12-31 00:00:00,0,-1269,<7 days
user_34,account_115,Oscar Taylor,example.eu,sales_rep,active,true,false,2028-12-17 01:28:17,2028-12-17,2029-09-08 17:19:17,0,-1155,<7 days
user_340,account_84,Anton Lind,acme-eu.com,sales_rep,active,true,false,2028-08-31 04:53:34,2028-08-31,2028-11-03 09:21:34,0,-846,<7 days
user_341,account_60,Ethan Lopez,salesops.eu,sales_rep,active,true,false,2028-12-19 17:15:57,2028-12-19,2029-09-21 23:17:57,0,-1168,<7 days
user_342,account_69,Freja Lopez,salesops.eu,sales_rep,ACTIVE,false,false,2026-05-20 02:48:57,2026-05-20,2027-01-01 13:18:57,52,-174,<7 days
user_343,account_2,Klara Taylor,example.eu,sales_rep,active,true,true,2029-05-24 14:16:59,2029-05-24,2029-10-21 10:38:59,0,-1198,<7 days
user_344,account_21,Anton Wilson,example.eu,sales_rep,active,true,false,2028-08-29 09:43:54,2028-08-29,2028-12-30 03:21:54,0,-903,<7 days
user_345,account_104,Lea Nilsson,acme-eu.com,admin,active,true,true,2027-03-26 20:53:43,2027-03-26,2027-05-22 18:37:43,0,-315,<7 days
user_346,account_20,Sofia Dubois,nordicflow-customer.com,sales_rep,active,true,false,2027-02-23 04:19:19,2027-02-23,2027-04-28 19:16:19,0,-291,<7 days
user_347,account_103,Klara Pedersen,example.eu,sales_manager,active,true,false,2026-05-05 14:56:01,2026-05-05,2026-07-18 16:50:01,67,-7,<7 days
user_348,account_49,Ali Andersen,acme-eu.com,sales_rep,invited,false,false,2027-01-19 22:52:27,2027-01-19,,0,,
user_349,account_50,Freja Lopez,salesops.eu,sales_rep,active,true,false,2029-03-02 21:20:40,2029-03-02,2029-12-09 15:06:40,0,-1247,<7 days
user_35,account_72,Mikkel Holm,example.eu,sales_manager,active,true,false,2028-02-24 03:29:38,2028-02-24,2028-09-29 22:11:38,0,-811,<7 days
user_350,account_15,Ella van Dijk,example.eu,sales_rep,active,true,false,2027-03-05 21:45:20,2027-03-05,2027-12-30 01:50:20,0,-537,<7 days
user_351,account_20,Julie Taylor,nordicflow-customer.com,sales_rep,active,true,false,2028-12-01 13:52:11,2028-12-01,2029-10-14 01:25:11,0,-1191,<7 days
user_352,account_63,Liam Holm,midmarket.io,revops,active,true,false,2029-06-05 08:09:45,2029-06-05,2029-12-31 00:00:00,0,-1269,<7 days
user_353,account_38,Ethan Bakker,example.eu,sales_rep,active,true,false,2027-06-25 01:52:43,2027-06-25,2027-12-07 17:51:43,0,-514,<7 days
user_354,account_38,Mateo Dubois,salesops.eu,sales_rep,active,true,false,2028-02-25 23:28:17,2028-02-25,2028-09-07 05:47:17,0,-789,<7 days
user_355,account_69,Anton Svensson,midmarket.io,sales_manager,active,true,false,2026-08-28 10:26:21,2026-08-28,2027-07-07 20:05:21,0,-361,<7 days
user_356,account_17,Nora Thomas,nordicflow-customer.com,sales_rep,active,true,false,2026-06-03 09:48:02,2026-06-03,2026-06-20 05:17:02,38,21,7-29 days
user_357,account_29,Mikkel Bakker,nordicflow-customer.com,sales_rep,inactive,false,false,2028-10-15 16:06:29,2028-10-15,2028-12-16 16:06:29,0,-889,<7 days
user_358,account_106,Julie Brown,nordicflow-customer.com,revops,active,true,false,2026-03-05 03:39:33,2026-03-05,2026-04-10 14:01:33,128,92,90+ days
user_359,account_68,Ella Martin,acme-eu.com,sales_rep,active,true,false,2029-03-05 00:56:11,2029-03-05,2029-04-28 22:43:11,0,-1022,<7 days
user_36,account_99,Fatima Weber,acme-eu.com,sales_rep,active,true,false,2027-03-20 20:43:03,2027-03-20,2027-07-19 05:59:03,0,-373,<7 days
user_360,account_71,Amina Müller,salesops.eu,sales_manager,active,true,false,2028-07-20 22:28:46,2028-07-20,2029-03-04 10:29:46,0,-967,<7 days
user_361,account_93,Adam Bernard,acme-eu.com,,active,true,false,2029-04-04 11:40:17,2029-04-04,2029-12-26 00:00:00,0,-1264,<7 days
user_362,account_18,Freja Hansen,salesops.eu,customer_success,active,true,false,2027-05-05 04:29:50,2027-05-05,2027-05-17 04:01:50,0,-310,<7 days
user_363,account_59,Leo Larsen,acme-eu.com,sales_rep,inactive,false,false,2027-01-24 03:20:26,2027-01-24,2027-02-22 03:20:26,0,-226,<7 days
user_364,account_42,Victor Berg,example.eu,revops,active,true,false,2028-06-14 03:30:11,2028-06-14,2028-08-01 23:49:11,0,-752,<7 days
user_365,account_43,Leo Garcia,example.eu,sales_rep,Inactive,false,false,2029-09-13 03:59:29,2029-09-13,2029-12-20 03:59:29,0,-1258,<7 days
user_366,account_41,Ethan Martin,acme-eu.com,sales_rep,active,true,false,2026-08-26 23:36:58,2026-08-26,2026-09-21 22:35:58,0,-72,<7 days
user_367,account_101,Amina Larsen,acme-eu.com,sales_rep,active,true,false,2029-03-03 19:21:31,2029-03-03,2029-03-29 14:03:31,0,-992,<7 days
user_368,account_72,William Weber,example.eu,sales_manager,active,true,false,2028-08-14 22:01:35,2028-08-14,2029-05-10 06:25:35,0,-1034,<7 days
user_369,account_53,Hanna Pedersen,salesops.eu,sales_rep,active,true,false,2028-10-15 03:27:02,2028-10-15,2028-10-27 13:51:02,0,-839,<7 days
user_37,account_28,Lucas Nilsson,example.eu,sales_rep,active,true,false,2026-04-07 17:26:02,2026-04-07,2026-07-22 07:46:02,95,-11,<7 days
user_370,account_105,Liam Svensson,salesops.eu,sales_rep,active,true,false,2026-05-14 07:23:39,2026-05-14,2026-07-10 09:14:39,58,1,<7 days
user_371,account_61,Emma Holm,acme-eu.com,sales_manager,active,true,false,2028-04-28 20:10:16,2028-04-28,2029-01-21 04:59:16,0,-925,<7 days
user_372,account_116,Fatima Johansson,salesops.eu,,active,true,false,2029-05-10 23:04:46,2029-05-10,2029-12-27 00:00:00,0,-1265,<7 days
user_373,account_85,Julie Thomas,nordicflow-customer.com,sales_rep,inactive,false,false,2028-10-05 19:48:08,2028-10-05,2028-11-23 19:48:08,0,-866,<7 days
user_374,account_12,Nora Svensson,midmarket.io,customer_success,active,true,false,2029-01-11 18:46:36,2029-01-11,2029-01-22 20:07:36,0,-926,<7 days
user_375,account_39,Ella Müller,salesops.eu,revops,active,true,false,2029-09-26 23:27:47,2029-09-26,2029-12-23 00:00:00,0,-1261,<7 days
user_376,account_87,Signe Thomas,acme-eu.com,sales_rep,active,true,false,2027-10-25 11:46:02,2027-10-25,2028-04-02 08:25:02,0,-631,<7 days
user_377,account_111,Elias Lind,midmarket.io,customer_success,active,true,false,2029-11-13 02:03:15,2029-11-13,2029-12-22 00:00:00,0,-1260,<7 days
user_378,account_19,Emma Taylor,salesops.eu,admin,active,true,true,2027-10-01 20:34:37,2027-10-01,2028-03-05 11:41:37,0,-603,<7 days
user_379,account_14,Elias Berg,nordicflow-customer.com,revops,active,true,false,2027-02-19 13:21:33,2027-02-19,2027-12-27 08:42:33,0,-534,<7 days
user_38,account_1,Leo Lind,example.eu,admin,invited,false,true,2027-10-13 22:14:44,2027-10-13,,0,,
user_380,account_18,Isak Thomas,midmarket.io,sales_rep,active,true,false,2026-10-13 19:08:24,2026-10-13,2027-04-30 11:54:24,0,-293,<7 days
user_381,account_53,Liam Smith,acme-eu.com,revops,active,true,false,2029-12-11 04:54:45,2029-12-11,2029-12-24 00:00:00,0,-1262,<7 days
user_382,account_106,Anton Smith,salesops.eu,sales_rep,inactive,false,false,2028-06-07 11:15:42,2028-06-07,2028-08-22 11:15:42,0,-773,<7 days
user_383,account_113,Noah Garcia,acme-eu.com,sales_rep,active,true,false,2029-02-16 01:07:38,2029-02-16,2029-03-08 20:09:38,0,-971,<7 days
user_384,account_100,Hugo Schmidt,acme-eu.com,sales_rep,active,true,false,2026-03-26 17:38:49,2026-03-26,2027-03-15 11:16:49,107,-247,<7 days
user_385,account_115,Ethan Larsen,example.eu,sales_rep,active,true,false,2026-10-05 21:04:36,2026-10-05,2027-05-26 17:12:36,0,-319,<7 days
user_386,account_21,Ingrid Nielsen,nordicflow-customer.com,sales_manager,active,true,false,2026-05-13 12:27:30,2026-05-13,2027-02-06 01:33:30,59,-210,<7 days
user_387,account_22,Amelia Martin,acme-eu.com,sales_rep,active,true,false,2029-04-09 20:14:37,2029-04-09,2029-12-25 00:00:00,0,-1263,<7 days
user_388,account_26,Ali Bernard,salesops.eu,sales_rep,active,true,false,2028-02-14 14:43:48,2028-02-14,2028-11-18 14:54:48,0,-861,<7 days
user_389,account_77,Ali Olsen,midmarket.io,sales_rep,active,true,false,2029-06-28 00:20:29,2029-06-28,2029-10-12 02:00:29,0,-1189,<7 days
user_39,account_35,Hanna Weber,nordicflow-customer.com,sales_rep,active,true,false,2029-05-24 20:54:09,2029-05-24,2029-12-18 02:32:09,0,-1256,<7 days
user_390,account_12,Sofia Andersen,example.eu,customer_success,active,true,false,2027-03-18 18:28:30,2027-03-18,2028-01-25 17:01:30,0,-563,<7 days
user_391,account_120,Noah Nielsen,salesops.eu,sales_rep,inactive,false,false,2029-06-28 05:41:10,2029-06-28,2029-07-06 05:41:10,0,-1091,<7 days
user_392,account_43,Fatima Nilsson,midmarket.io,sales_rep,active,true,false,2026-04-01 09:16:43,2026-04-01,2026-05-27 04:46:43,101,45,30-89 days
user_393,account_91,Hugo Nilsson,midmarket.io,revops,active,true,false,2028-06-12 10:52:24,2028-06-12,2029-04-27 22:56:24,0,-1021,<7 days
user_394,account_79,Liam Bakker,salesops.eu,customer_success,active,true,false,2026-02-07 06:17:33,2026-02-07,2026-10-04 03:37:33,154,-85,<7 days
user_395,account_45,Elin Brown,acme-eu.com,sales_rep,Active,false,false,2027-03-14 11:48:16,2027-03-14,2027-07-22 14:06:16,0,-376,<7 days
user_396,account_79,Emma Wilson,acme-eu.com,sales_rep,active,true,false,2029-12-03 17:04:54,2029-12-03,2029-12-24 00:00:00,0,-1262,<7 days
user_397,account_43,Lina Brown,example.eu,customer_success,active,true,false,2028-03-20 11:01:04,2028-03-20,2028-08-21 06:18:04,0,-772,<7 days
user_398,account_114,Leo Nielsen,acme-eu.com,sales_rep,active,true,false,2027-08-06 21:59:24,2027-08-06,2028-06-22 16:13:24,0,-712,<7 days
user_399,account_91,Adam Bakker,nordicflow-customer.com,sales_rep,active,true,false,2029-09-24 10:44:48,2029-09-24,2029-12-24 00:00:00,0,-1262,<7 days
user_4,account_25,Lucas Johansson,acme-eu.com,revops,invited,false,false,2029-08-21 16:33:21,2029-08-21,,0,,
user_40,account_85,Emma Nielsen,example.eu,sales_rep,active,true,false,2026-03-20 02:44:49,2026-03-20,2026-07-31 15:40:49,113,-20,<7 days
user_400,account_117,Maja Schmidt,midmarket.io,sales_rep,active,true,false,2028-02-16 19:22:33,2028-02-16,2028-05-05 01:51:33,0,-664,<7 days
user_41,account_54,Mateo Wilson,nordicflow-customer.com,sales_rep,active,true,false,2026-03-22 21:53:31,2026-03-22,2026-09-18 05:32:31,111,-69,<7 days
user_42,account_3,Signe Larsen,acme-eu.com,sales_rep,active,true,false,2028-05-26 02:18:35,2028-05-26,2028-09-14 18:10:35,0,-796,<7 days
user_43,account_105,Oliver Lind,nordicflow-customer.com,sales_rep,inactive,false,false,2028-06-13 11:15:28,2028-06-13,2028-09-07 11:15:28,0,-789,<7 days
user_44,account_90,Freja Thomas,midmarket.io,revops,active,true,false,2028-05-29 03:29:41,2028-05-29,2028-06-19 15:20:41,0,-709,<7 days
user_45,account_14,Hanna Pedersen,example.eu,sales_manager,active,true,false,2029-02-13 21:52:18,2029-02-13,2029-11-08 20:04:18,0,-1216,<7 days
user_46,account_35,Adam Thomas,acme-eu.com,revops,active,true,false,2029-10-01 13:35:34,2029-10-01,2029-12-24 00:00:00,0,-1262,<7 days
user_47,account_46,Mateo Holm,salesops.eu,admin,active,true,true,2027-03-06 04:02:20,2027-03-06,2027-12-15 04:22:20,0,-522,<7 days
user_48,account_89,Victor van Dijk,example.eu,sales_rep,active,true,false,2027-04-03 01:53:51,2027-04-03,2027-07-25 15:41:51,0,-379,<7 days
user_49,account_96,Elin Holm,salesops.eu,sales_manager,active,true,false,2027-01-26 13:00:30,2027-01-26,2027-05-24 17:07:30,0,-317,<7 days
user_5,account_27,Lea Bakker,nordicflow-customer.com,sales_manager,active,true,false,2029-02-06 15:49:02,2029-02-06,2029-06-11 21:23:02,0,-1066,<7 days
user_50,account_95,Victor Eriksen,midmarket.io,customer_success,active,true,false,2027-03-16 14:57:22,2027-03-16,2027-05-06 21:34:22,0,-299,<7 days
user_51,account_7,Elin Lind,acme-eu.com,sales_manager,active,true,false,2026-06-09 08:44:40,2026-06-09,2026-06-16 04:19:40,32,25,7-29 days
user_52,account_15,Lucas Jensen,example.eu,sales_rep,active,true,false,2026-03-25 06:41:28,2026-03-25,2026-06-10 11:46:28,108,31,30-89 days
user_53,account_77,Signe Olsen,midmarket.io,sales_rep,inactive,false,false,2027-04-07 22:07:41,2027-04-07,2027-07-26 22:07:41,0,-380,<7 days
user_54,account_27,Ida Eriksen,nordicflow-customer.com,sales_rep,active,true,false,2026-04-27 14:37:16,2026-04-27,2026-07-16 14:42:16,75,-5,<7 days
user_55,account_111,Lina Nielsen,acme-eu.com,customer_success,active,true,false,2028-08-28 23:51:05,2028-08-28,2029-06-26 22:25:05,0,-1081,<7 days
user_56,account_10,Sofia Berg,salesops.eu,sales_rep,active,true,false,2029-12-02 00:32:48,2029-12-02,2029-12-30 00:00:00,0,-1268,<7 days
user_57,account_77,Noah Garcia,example.eu,sales_manager,active,true,false,2026-02-10 04:18:47,2026-02-10,2026-03-28 12:06:47,151,105,90+ days
user_58,account_74,Noah Taylor,acme-eu.com,sales_rep,active,true,false,2029-11-24 01:40:08,2029-11-24,2029-12-22 00:00:00,0,-1260,<7 days
user_59,account_14,Oliver Holm,example.eu,sales_manager,active,true,false,2027-09-15 01:56:31,2027-09-15,2028-06-22 03:11:31,0,-712,<7 days
user_6,account_99,Sofia Olsen,nordicflow-customer.com,revops,active,true,false,2026-04-13 19:41:24,2026-04-13,2026-07-31 15:02:24,89,-20,<7 days
user_60,account_1,Ethan Schmidt,example.eu,sales_rep,active,true,false,2028-08-25 05:28:23,2028-08-25,2029-05-08 02:48:23,0,-1032,<7 days
user_61,account_63,Ingrid Hansen,midmarket.io,revops,active,true,false,2027-04-28 17:36:17,2027-04-28,2028-02-04 18:04:17,0,-573,<7 days
user_62,account_107,Sara Weber,salesops.eu,sales_rep,active,true,false,2029-07-20 16:45:51,2029-07-20,2029-12-28 00:00:00,0,-1266,<7 days
user_63,account_9,Lea Taylor,example.eu,sales_rep,active,true,false,2027-02-20 00:55:07,2027-02-20,2027-02-21 10:34:07,0,-225,<7 days
user_64,account_62,Leo Holm,midmarket.io,revops,active,true,false,2029-12-20 03:15:10,2029-12-20,2029-12-28 00:00:00,0,-1266,<7 days
user_65,account_104,Anton Jensen,acme-eu.com,sales_rep,active,true,false,2028-02-20 06:46:16,2028-02-20,2028-12-18 18:05:16,0,-891,<7 days
user_66,account_53,Sara Nielsen,example.eu,revops,active,true,false,2028-08-26 04:47:40,2028-08-26,2029-08-15 18:21:40,0,-1131,<7 days
user_67,account_92,Klara Thomas,midmarket.io,sales_rep,active,true,false,2028-09-07 11:23:17,2028-09-07,2029-08-23 21:11:17,0,-1139,<7 days
user_68,account_22,Freja Garcia,nordicflow-customer.com,sales_rep,active,true,false,2027-04-01 17:32:36,2027-04-01,2027-10-02 06:19:36,0,-448,<7 days
user_69,account_79,Anton Bernard,acme-eu.com,,active,true,false,2026-12-27 16:36:45,2026-12-27,2027-08-21 14:22:45,0,-406,<7 days
user_7,account_18,Ella Smith,midmarket.io,sales_rep,active,true,false,2027-10-28 13:10:14,2027-10-28,2028-08-22 02:47:14,0,-773,<7 days
user_70,account_21,Lucas Schmidt,salesops.eu,customer_success,active,true,false,2027-10-22 03:23:01,2027-10-22,2028-10-09 11:55:01,0,-821,<7 days
user_71,account_46,Benjamin Lind,salesops.eu,sales_rep,active,true,false,2027-09-07 20:42:27,2027-09-07,2028-01-25 20:58:27,0,-563,<7 days
user_72,account_116,Hugo Taylor,acme-eu.com,sales_manager,active,true,false,2028-09-15 22:50:05,2028-09-15,2028-12-22 20:01:05,0,-895,<7 days
user_73,account_81,Noah Lind,example.eu,sales_rep,active,true,false,2026-07-24 03:23:14,2026-07-24,2026-09-08 13:27:14,0,-59,<7 days
user_74,account_65,Lea Wilson,acme-eu.com,sales_rep,active,true,false,2028-01-19 12:35:20,2028-01-19,2028-06-19 00:08:20,0,-709,<7 days
user_75,account_87,Amina Thomas,midmarket.io,sales_rep,active,true,false,2026-01-22 14:55:30,2026-01-22,2026-06-07 09:13:30,170,34,30-89 days
user_76,account_48,Oscar de Vries,acme-eu.com,sales_rep,active,true,false,2028-05-22 02:47:03,2028-05-22,2028-11-05 23:36:03,0,-848,<7 days
user_77,account_18,Noah Johansson,salesops.eu,customer_success,active,true,false,2026-12-31 17:58:46,2026-12-31,2027-10-02 22:35:46,0,-448,<7 days
user_78,account_94,Sara Garcia,example.eu,sales_manager,active,true,false,2028-08-14 09:10:41,2028-08-14,2029-03-10 18:42:41,0,-973,<7 days
user_79,account_88,Julie Dubois,salesops.eu,sales_rep,active,true,false,2026-07-09 18:26:39,2026-07-09,2027-02-26 21:33:39,2,-230,<7 days
user_8,account_20,Oliver Brown,example.eu,,active,true,false,2028-07-14 16:19:50,2028-07-14,2029-03-11 10:22:50,0,-974,<7 days
user_80,account_17,Benjamin Svensson,nordicflow-customer.com,revops,ACTIVE,false,false,2028-06-29 21:56:45,2028-06-29,2028-10-18 05:53:45,0,-830,<7 days
user_81,account_103,Nora Andersen,nordicflow-customer.com,sales_rep,active,true,false,2029-05-09 18:51:29,2029-05-09,2029-09-08 14:56:29,0,-1155,<7 days
user_82,account_61,Jonas Taylor,salesops.eu,sales_rep,active,true,false,2028-02-22 16:28:04,2028-02-22,2028-06-15 13:27:04,0,-705,<7 days
user_83,account_8,Victor Thomas,example.eu,sales_rep,active,true,false,2029-01-11 16:14:45,2029-01-11,2029-08-26 18:44:45,0,-1142,<7 days
user_84,account_42,Anton Bernard,midmarket.io,sales_rep,active,true,false,2027-10-31 06:59:36,2027-10-31,2027-12-21 06:56:36,0,-528,<7 days
user_85,account_114,Liam Nilsson,salesops.eu,revops,active,true,false,2029-02-07 09:55:33,2029-02-07,2029-03-27 20:35:33,0,-990,<7 days
user_86,account_107,Maja Nielsen,example.eu,sales_rep,active,true,false,2029-06-15 00:57:09,2029-06-15,2029-08-20 19:56:09,0,-1136,<7 days
user_87,account_97,Hanna Thomas,nordicflow-customer.com,customer_success,active,true,false,2027-07-01 06:19:12,2027-07-01,2027-08-24 02:02:12,0,-409,<7 days
user_88,account_15,Lea Martin,acme-eu.com,revops,active,true,true,2029-04-07 03:57:30,2029-04-07,2029-12-21 00:00:00,0,-1259,<7 days
user_89,account_90,Freja Lopez,salesops.eu,sales_rep,active,true,false,2026-08-11 12:48:09,2026-08-11,2027-05-28 11:14:09,0,-321,<7 days
user_9,account_35,Amelia Andersen,salesops.eu,sales_rep,active,true,false,2029-01-26 17:32:35,2029-01-26,2029-06-10 10:37:35,0,-1065,<7 days
user_90,account_54,Lina Holm,acme-eu.com,sales_rep,active,true,false,2029-04-21 18:31:51,2029-04-21,2029-12-30 00:00:00,0,-1268,<7 days
user_91,account_63,Mikkel Schmidt,example.eu,sales_rep,active,true,false,2026-06-26 19:25:27,2026-06-26,2026-12-20 10:05:27,15,-162,<7 days
user_92,account_77,Sofia Hansen,acme-eu.com,sales_rep,active,true,true,2026-08-02 04:29:03,2026-08-02,2026-12-10 14:21:03,0,-152,<7 days
user_93,account_65,Elin Wilson,salesops.eu,sales_rep,inactive,false,false,2026-03-07 17:08:33,2026-03-07,2026-05-01 17:08:33,126,71,30-89 days
user_94,account_54,Hugo Andersen,example.eu,sales_rep,active,true,false,2029-05-29 19:27:18,2029-05-29,2029-12-26 00:00:00,0,-1264,<7 days
user_95,account_40,Amelia Olsen,salesops.eu,revops,active,true,false,2028-09-10 16:19:36,2028-09-10,2028-11-08 10:25:36,0,-851,<7 days
user_96,account_31,Oscar Larsen,salesops.eu,sales_rep,active,true,false,2029-03-26 22:52:49,2029-03-26,2029-12-29 00:00:00,0,-1267,<7 days
user_97,account_73,Signe Holm,salesops.eu,sales_rep,active,true,false,2027-11-18 22:42:41,2027-11-18,2028-10-07 09:02:41,0,-819,<7 days
user_98,account_48,Hugo Nielsen,nordicflow-customer.com,sales_manager,active,true,false,2027-12-20 19:08:27,2027-12-20,2028-10-13 14:03:27,0,-825,<7 days
user_99,account_61,Isak Larsen,nordicflow-customer.com,sales_rep,active,true,false,2029-07-24 19:41:02,2029-07-24,2029-12-23 00:00:00,0,-1261,<7 days
